{"v":5,"entries":{"app-quickstartguide--docs":{"id":"app-quickstartguide--docs","title":"app/QuickStartGuide","name":"Docs","importPath":"./app/QuickStartGuide.mdx","storiesImports":[],"type":"docs","tags":["dev","test","unattached-mdx"]},"buttons-button--buttondocs":{"id":"buttons-button--buttondocs","title":"Buttons/Button","name":"ButtonDocs","importPath":"./app/UI/Button/ButtonDocs.mdx","storiesImports":["./app/UI/Button/Button.stories.tsx"],"type":"docs","tags":["dev","test","attached-mdx"]},"app-forms-checkbox--default":{"type":"story","id":"app-forms-checkbox--default","name":"Default","title":"app/Forms/Checkbox","importPath":"./app/Forms/Checkbox/Checkbox.stories.tsx","componentPath":"./app/Forms/Checkbox/Checkbox.tsx","tags":["dev","test"]},"app-forms-checkbox--unchecked":{"type":"story","id":"app-forms-checkbox--unchecked","name":"Unchecked","title":"app/Forms/Checkbox","importPath":"./app/Forms/Checkbox/Checkbox.stories.tsx","componentPath":"./app/Forms/Checkbox/Checkbox.tsx","tags":["dev","test"]},"app-forms-checkbox--checked":{"type":"story","id":"app-forms-checkbox--checked","name":"Checked","title":"app/Forms/Checkbox","importPath":"./app/Forms/Checkbox/Checkbox.stories.tsx","componentPath":"./app/Forms/Checkbox/Checkbox.tsx","tags":["dev","test"]},"app-ui-article--docs":{"id":"app-ui-article--docs","title":"app/UI/Article","name":"Docs","importPath":"./app/UI/Article/Article.stories.tsx","type":"docs","tags":["dev","test","autodocs"],"storiesImports":[]},"app-ui-article--default":{"type":"story","id":"app-ui-article--default","name":"Default","title":"app/UI/Article","importPath":"./app/UI/Article/Article.stories.tsx","componentPath":"./app/UI/Article/Article.tsx","tags":["dev","test","autodocs"]},"app-ui-article--new-heading":{"type":"story","id":"app-ui-article--new-heading","name":"New Heading","title":"app/UI/Article","importPath":"./app/UI/Article/Article.stories.tsx","componentPath":"./app/UI/Article/Article.tsx","tags":["dev","test","autodocs"]},"app-ui-aside--story-one":{"type":"story","id":"app-ui-aside--story-one","name":"Story One","title":"app/UI/Aside","importPath":"./app/UI/Aside/Aside.stories.tsx","componentPath":"./app/UI/Aside/Aside.tsx","tags":["dev","test"]},"app-ui-aside--story-two":{"type":"story","id":"app-ui-aside--story-two","name":"Story Two","title":"app/UI/Aside","importPath":"./app/UI/Aside/Aside.stories.tsx","componentPath":"./app/UI/Aside/Aside.tsx","tags":["dev","test"]},"buttons-button--primary":{"type":"story","id":"buttons-button--primary","name":"Primary","title":"Buttons/Button","importPath":"./app/UI/Button/Button.stories.tsx","componentPath":"./app/UI/Button/Button.tsx","tags":["dev","test"]},"buttons-button--secondary":{"type":"story","id":"buttons-button--secondary","name":"Secondary","title":"Buttons/Button","importPath":"./app/UI/Button/Button.stories.tsx","componentPath":"./app/UI/Button/Button.tsx","tags":["dev","test"]},"buttons-button--small":{"type":"story","id":"buttons-button--small","name":"Small","title":"Buttons/Button","importPath":"./app/UI/Button/Button.stories.tsx","componentPath":"./app/UI/Button/Button.tsx","tags":["dev","test"]},"buttons-button--medium":{"type":"story","id":"buttons-button--medium","name":"Medium","title":"Buttons/Button","importPath":"./app/UI/Button/Button.stories.tsx","componentPath":"./app/UI/Button/Button.tsx","tags":["dev","test"]},"buttons-button--large":{"type":"story","id":"buttons-button--large","name":"Large","title":"Buttons/Button","importPath":"./app/UI/Button/Button.stories.tsx","componentPath":"./app/UI/Button/Button.tsx","tags":["dev","test"]},"buttons-button--with-interaction":{"type":"story","id":"buttons-button--with-interaction","name":"With Interaction","title":"Buttons/Button","importPath":"./app/UI/Button/Button.stories.tsx","componentPath":"./app/UI/Button/Button.tsx","tags":["dev","test"]},"app-ui-card--docs":{"id":"app-ui-card--docs","title":"app/UI/Card","name":"Docs","importPath":"./app/UI/Card/Card.stories.tsx","type":"docs","tags":["dev","test","autodocs"],"storiesImports":[]},"app-ui-card--faded":{"type":"story","id":"app-ui-card--faded","name":"Faded","title":"app/UI/Card","importPath":"./app/UI/Card/Card.stories.tsx","componentPath":"./app/UI/Card/Card.tsx","tags":["dev","test","autodocs"]},"app-ui-card--opaque":{"type":"story","id":"app-ui-card--opaque","name":"Opaque","title":"app/UI/Card","importPath":"./app/UI/Card/Card.stories.tsx","componentPath":"./app/UI/Card/Card.tsx","tags":["dev","test","autodocs"]}}}